INSERT INTO classes (id, title, subject, course, section, instructor, rate_my_professor, credit, level, location, campus, days, time, capacity)
VALUES ("1", "Software Testing", "SWE", "637", "002", "Jeff Offutt", "4.4/5.0", "3", "Graduate", "Innovation Hall 208", "Fairfax", "Mon", "4:30 - 7:30 pm", 15);

INSERT INTO classes (id, title, subject, course, section, instructor, rate_my_professor, credit, level, location, campus, days, time, capacity)
VALUES ("2", "User Interface Design", "SWE", "632", "001", "Jeff Offutt", "4.4/5.0", "3", "Graduate", "Innovation Hall 106", "Fairfax", "Wed", "4:30 - 7:30 pm", 15);

INSERT INTO classes (id, title, subject, course, section, instructor, rate_my_professor, credit, level, location, campus, days, time, capacity)
VALUES ("3", "Secure Software Design & Programming", "SWE", "681", "002", "David Wheeler", "4.4/5.0", "3", "Graduate", "Art Design Building 2026", "Fairfax", "Mon", "4:30 - 7:30 pm", 22);

INSERT INTO classes (id, title, subject, course, section, instructor, rate_my_professor, credit, level, location, campus, days, time, capacity)
VALUES ("4", "Philosophy and Literature", "PHIL", "253", "003", "Marek Sojka", "3.1/5.0", "3", "Graduate", "Planet 206", "Fairfax", "Mon, Wed", "12:00 - 01:15 pm", 45);

INSERT INTO classes (id, title, subject, course, section, instructor, rate_my_professor, credit, level, location, campus, days, time, capacity)
VALUES ("5", "Topics in Literature", "ENGH", "309", "001", "Jennifer H Atkinson", "4.6/5.0", "3", "Undergraduate", "Krug Hall 19", "Fairfax", "Thu", "4:30 - 7:10 pm", 27);

INSERT INTO classes (id, title, subject, course, section, instructor, rate_my_professor, credit, level, location, campus, days, time, capacity)
VALUES ("6", "Software Model/Architectural Design", "SWE", "621", "002", "Erika M Olimpiew", "3.3/5.0", "3", "Graduate", "Innovation Hall 206", "Fairfax", "Wed", "7:20 - 10:00 pm", 42);

INSERT INTO classes (id, title, subject, course, section, instructor, rate_my_professor, credit, level, location, campus, days, time, capacity)
VALUES ("7", "Distributed Software Engineer", "SWE", "622", "001", "David Wheeler", "4.4/5.0", "3", "Graduate", "Art Design Building 2026", "Fairfax", "Mon", "7:20 - 10:00 pm", 43);

INSERT INTO classes (id, title, subject, course, section, instructor, rate_my_professor, credit, level, location, campus, days, time, capacity)
VALUES ("8", "Software Project Management", "SWE", "625", "001", "Kenneth E Nidiffer", "3.7/5.0", "3", "Graduate", "Innovation Hall 206", "Fairfax", "Mon", "7:20 - 10:00 pm", 44);

INSERT INTO classes (id, title, subject, course, section, instructor, rate_my_professor, credit, level, location, campus, days, time, capacity)
VALUES ("9", "Software Engineer for World Wide Web", "SWE", "642", "001", "Vinod K Dubey", "2.4/5.0", "3", "Graduate", "Art Design Building L008", "Fairfax", "Tue", "7:20 - 10:00 pm", 44);

INSERT INTO classes (id, title, subject, course, section, instructor, rate_my_professor, credit, level, location, campus, days, time, capacity)
VALUES ("10", "Component-Based Software Development", "SWE", "645", "001", "Vinod K Dubey", "2.4/5.0", "3", "Graduate", "Innovation Hall 208", "Fairfax", "Thu", "7:20 - 10:00 pm", 44);

INSERT INTO classes (id, title, subject, course, section, instructor, rate_my_professor, credit, level, location, campus, days, time, capacity)
VALUES ("11", "Object-Oriented Software Specification & Construction", "SWE", "619", "001", "Laurel E. Fielding", "1.0/5.0", "3", "Graduate", "Innovation Hall 136", "Fairfax", "Mon", "7:20 - 10:00 pm", 41);

INSERT INTO classes (id, title, subject, course, section, instructor, rate_my_professor, credit, level, location, campus, days, time, capacity)
VALUES ("12", "	Object-Oriented Programming in Java", "SWE", "510", "001", "Jitin Krishnan", "4.1/5.0", "3", "Graduate", "Innovation Hall 206", "Fairfax", "Thu", "7:20 - 10:00 pm", 15);

INSERT INTO users (id, email, first_name, last_name, g_number, password)
VALUES ("1", "dphan20@gmu.edu", "Dat", "Phan", "01113561", "$2a$13$vbUcTH9MELvqMOqSccT9XutoIPQqmLV3fv8yl6BaKJPwgeYDPwvJu");

INSERT INTO users (id, email, first_name, last_name, g_number, password)
VALUES ("2", "ypatel6@gmu.edu", "Yash", "Patel", "12345678", "$2a$13$Z14cdXEL.kMDQt5yq5UKUezgUttL84xYd9OGCdHIXplGcJpYeGuzu");

INSERT INTO users (id, email, first_name, last_name, g_number, password)
VALUES ("3", "jk@gmu.edu", "Jorell", "Kenny", "98765432", "$2a$13$inM5G9AGkaGPamFe6MxZIeMrqpAk6hUDwsjvI6vfZZ3YSo3tfydP.");

INSERT INTO users (id, email, first_name, last_name, g_number, password)
VALUES ("4", "gg@gmu.edu", "Gorgon", "Gregory", "50102203", "$2a$13$075JRr/6r5ib8I8riNO13.IGWBqeLSDH80g40QyAgu1x3pw5TOfo6");

INSERT INTO users (id, email, first_name, last_name, g_number, password)
VALUES ("5", "5@gmu.edu", "A", "B", "523456789", "$2a$13$075JRr/6r5ib8I8riNO13.IGWBqeLSDH80g40QyAgu1x3pw5TOfo6");

INSERT INTO users (id, email, first_name, last_name, g_number, password)
VALUES ("6", "6@gmu.edu", "A", "B", "623456789", "$2a$13$075JRr/6r5ib8I8riNO13.IGWBqeLSDH80g40QyAgu1x3pw5TOfo6");

INSERT INTO users (id, email, first_name, last_name, g_number, password)
VALUES ("7", "7@gmu.edu", "A", "B", "723456789", "$2a$13$075JRr/6r5ib8I8riNO13.IGWBqeLSDH80g40QyAgu1x3pw5TOfo6");

INSERT INTO users (id, email, first_name, last_name, g_number, password)
VALUES ("8", "8@gmu.edu", "A", "B", "823456789", "$2a$13$075JRr/6r5ib8I8riNO13.IGWBqeLSDH80g40QyAgu1x3pw5TOfo6");

INSERT INTO users (id, email, first_name, last_name, g_number, password)
VALUES ("9", "9@gmu.edu", "A", "B", "923456789", "$2a$13$075JRr/6r5ib8I8riNO13.IGWBqeLSDH80g40QyAgu1x3pw5TOfo6");

INSERT INTO users (id, email, first_name, last_name, g_number, password)
VALUES ("10", "10@gmu.edu", "A", "B", "103456789", "$2a$13$075JRr/6r5ib8I8riNO13.IGWBqeLSDH80g40QyAgu1x3pw5TOfo6");

INSERT INTO users (id, email, first_name, last_name, g_number, password)
VALUES ("11", "11@gmu.edu", "A", "B", "113456789", "$2a$13$075JRr/6r5ib8I8riNO13.IGWBqeLSDH80g40QyAgu1x3pw5TOfo6");

INSERT INTO users (id, email, first_name, last_name, g_number, password)
VALUES ("12", "12@gmu.edu", "A", "B", "123456789", "$2a$13$075JRr/6r5ib8I8riNO13.IGWBqeLSDH80g40QyAgu1x3pw5TOfo6");

INSERT INTO users (id, email, first_name, last_name, g_number, password)
VALUES ("13", "13@gmu.edu", "A", "B", "133456789", "$2a$13$075JRr/6r5ib8I8riNO13.IGWBqeLSDH80g40QyAgu1x3pw5TOfo6");

INSERT INTO users (id, email, first_name, last_name, g_number, password)
VALUES ("14", "14@gmu.edu", "A", "B", "143456789", "$2a$13$075JRr/6r5ib8I8riNO13.IGWBqeLSDH80g40QyAgu1x3pw5TOfo6");

INSERT INTO users (id, email, first_name, last_name, g_number, password)
VALUES ("15", "15@gmu.edu", "A", "B", "153456789", "$2a$13$075JRr/6r5ib8I8riNO13.IGWBqeLSDH80g40QyAgu1x3pw5TOfo6");

INSERT INTO class_registration (id, class_id, user_id)
VALUES ("1", "1", "1");

INSERT INTO class_registration (id, class_id, user_id)
VALUES ("2", "1", "2");

INSERT INTO class_registration (id, class_id, user_id)
VALUES ("3", "1", "3");

INSERT INTO class_registration (id, class_id, user_id)
VALUES ("4", "2", "2");

INSERT INTO class_registration (id, class_id, user_id)
VALUES ("5", "12", "1");

INSERT INTO class_registration (id, class_id, user_id)
VALUES ("6", "12", "2");

INSERT INTO class_registration (id, class_id, user_id)
VALUES ("7", "12", "3");

INSERT INTO class_registration (id, class_id, user_id)
VALUES ("8", "12", "4");

INSERT INTO class_registration (id, class_id, user_id)
VALUES ("9", "12", "5");

INSERT INTO class_registration (id, class_id, user_id)
VALUES ("11", "12", "6");

INSERT INTO class_registration (id, class_id, user_id)
VALUES ("12", "12", "7");

INSERT INTO class_registration (id, class_id, user_id)
VALUES ("13", "12", "8");

INSERT INTO class_registration (id, class_id, user_id)
VALUES ("14", "12", "9");

INSERT INTO class_registration (id, class_id, user_id)
VALUES ("15", "12", "10");

INSERT INTO class_registration (id, class_id, user_id)
VALUES ("16", "12", "11");

INSERT INTO class_registration (id, class_id, user_id)
VALUES ("17", "12", "12");

INSERT INTO class_registration (id, class_id, user_id)
VALUES ("18", "12", "13");

INSERT INTO class_registration (id, class_id, user_id)
VALUES ("19", "12", "14");

INSERT INTO class_registration (id, class_id, user_id)
VALUES ("20", "12", "15");
